metric,duration,max,mean,min,n,p50,p95,p99,req_err,req_ok,rps,std,workers
ids_predict_normal_latency,,8.854,5.206,3.462,200,5.291,6.305,6.953,,,,0.759,
ids_predict_attack_latency,,10.921,7.693,3.822,200,7.53,9.482,10.253,,,,1.064,
ids_predict_throughput,5.011920860999453,,,,942,,,,0,942,187.9518903281627,,4
ids_health_latency,,1.87,1.143,0.848,50,0.979,1.607,1.742,,,,0.298,
ryu_rules_latency,,1.648,0.865,0.685,50,0.762,1.264,1.272,,,,0.212,
ryu_block_latency,,1.652,1.114,0.853,30,0.972,1.609,1.618,,,,0.273,
ryu_unblock_latency,,2.957,2.29,1.793,30,2.157,2.896,2.92,,,,0.37,
e2e_latency,,6.117,5.565,5.008,20,5.585,6.05,6.05,,,,0.303,
